water,water
lanciafino10mmarrone,motobarca
vaporettoactv,vaporettoactv
mototopo,mototopo
mototopo,mototopo
vaporettoactv,vaporettoactv
mototopo,mototopo
vaporettoactv,vaporettoactv
water,water
mototopo,mototopo
water,water
mototopo,mototopo
patanella,patanella
lanciafino10m,motobarca
gondola,mototopo
mototopo,mototopo
mototopo,mototopo
vaporettoactv,vaporettoactv
vaporettoactv,vaporettoactv
vaporettoactv,vaporettoactv
patanella,mototopo
water,water
motoscafoactv,motoscafoactv
vaporettoactv,vaporettoactv
vaporettoactv,vaporettoactv
water,water
mototopo,mototopo
mototopo,mototopo
patanella,motobarca
vaporettoactv,vaporettoactv
water,water
vaporettoactv,vaporettoactv
mototopo,mototopo
vaporettoactv,vaporettoactv
vaporettoactv,vaporettoactv
water,water
lanciafino10mmarrone,patanella
patanella,patanella
mototopo,mototopo
mototopo,mototopo
motobarca,motobarca
water,water
mototopo,mototopo
motobarca,mototopo
mototopo,mototopo
motobarca,water
motobarca,water
water,water
water,water
raccoltarifiuti,water
motobarca,motobarca
lanciafino10mbianca,lanciafino10mbianca
vaporettoactv,vaporettoactv
water,water
vaporettoactv,vaporettoactv
mototopo,mototopo
lanciafino10mbianca,lanciafino10mbianca
water,water
vaporettoactv,vaporettoactv
mototopo,mototopo
mototopo,mototopo
water,water
motobarca,mototopo
ambulanza,lanciafino10mbianca
vaporettoactv,vaporettoactv
mototopo,mototopo
mototopo,mototopo
patanella,patanella
mototopo,motobarca
mototopo,mototopo
motobarca,water
mototopo,mototopo
ambulanza,mototopo
mototopo,motobarca
mototopo,motobarca
mototopo,mototopo
lanciafino10mbianca,lanciafino10mbianca
lanciafino10mbianca,lanciafino10mbianca
vaporettoactv,vaporettoactv
water,water
mototopo,mototopo
mototopo,mototopo
vaporettoactv,vaporettoactv
lanciafino10mbianca,lanciafino10mbianca
water,water
vaporettoactv,vaporettoactv
mototopo,mototopo
mototopo,mototopo
water,water
patanella,patanella
mototopo,mototopo
mototopo,mototopo
vaporettoactv,vaporettoactv
vaporettoactv,vaporettoactv
vigilidelfuoco,lanciafino10mbianca
vaporettoactv,vaporettoactv
motobarca,mototopo
mototopo,mototopo
water,water
water,water
lanciafino10mmarrone,lanciafino10mmarrone
water,water
mototopo,mototopo
mototopo,mototopo
mototopo,mototopo
mototopo,mototopo
mototopo,mototopo
vaporettoactv,vaporettoactv
mototopo,mototopo
motobarca,motobarca
lanciafino10mbianca,lanciafino10mbianca
water,water
mototopo,mototopo
vaporettoactv,vaporettoactv
mototopo,mototopo
water,water
mototopo,mototopo
mototopo,mototopo
lanciafino10mmarrone,lanciafino10mmarrone
mototopo,mototopo
lanciafino10mmarrone,lanciafino10mmarrone
vaporettoactv,vaporettoactv
water,water
lanciafino10mbianca,lanciamaggioredi10mbianca
mototopo,mototopo
vaporettoactv,vaporettoactv
water,water
mototopo,mototopo
motobarca,motobarca
water,water
patanella,patanella
vaporettoactv,vaporettoactv
lanciafino10mbianca,lanciafino10mbianca
motobarca,motobarca
water,water
motobarca,motobarca
ambulanza,mototopo
mototopo,mototopo
lanciafino10mbianca,lanciafino10mbianca
motobarca,lanciafino10mbianca
vaporettoactv,vaporettoactv
mototopo,mototopo
mototopo,mototopo
mototopo,mototopo
mototopo,mototopo
mototopo,mototopo
motobarca,mototopo
vaporettoactv,vaporettoactv
motobarca,motobarca
water,water
mototopo,mototopo
water,water
vaporettoactv,vaporettoactv
vaporettoactv,vaporettoactv
vaporettoactv,vaporettoactv
topa,topa
mototopo,mototopo
mototopo,mototopo
water,water
mototopo,mototopo
vaporettoactv,vaporettoactv
lanciafino10mbianca,lanciafino10mbianca
patanella,barchino
barchino,barchino
vaporettoactv,vaporettoactv
mototopo,mototopo
vaporettoactv,vaporettoactv
lanciafino10mbianca,barchino
water,water
vaporettoactv,vaporettoactv
ambulanza,mototopo
water,water
raccoltarifiuti,raccoltarifiuti
vaporettoactv,vaporettoactv
mototopo,mototopo
water,water
vaporettoactv,vaporettoactv
water,water
raccoltarifiuti,raccoltarifiuti
mototopo,mototopo
lanciafino10mmarrone,lanciafino10mmarrone
vaporettoactv,vaporettoactv
mototopo,mototopo
mototopo,mototopo
mototopo,mototopo
water,water
lanciafino10mbianca,lanciafino10mbianca
lanciafino10mbianca,lanciafino10mbianca
vaporettoactv,vaporettoactv
water,water
mototopo,mototopo
lanciafino10mbianca,lanciafino10mbianca
mototopo,mototopo
cacciapesca,barchino
lanciafino10mbianca,lanciafino10mbianca
water,water
lanciafino10mbianca,water
vaporettoactv,vaporettoactv
vaporettoactv,vaporettoactv
vaporettoactv,vaporettoactv
water,water
water,water
mototopo,mototopo
patanella,patanella
vaporettoactv,vaporettoactv
water,water
water,water
vaporettoactv,vaporettoactv
water,water
lanciafino10mbianca,lanciafino10mbianca
lanciafino10mbianca,lanciafino10mbianca
motobarca,mototopo
water,water
mototopo,mototopo
water,water
lanciafino10mbianca,lanciafino10mbianca
vaporettoactv,vaporettoactv
water,water
vaporettoactv,vaporettoactv
vaporettoactv,vaporettoactv
motobarca,mototopo
vaporettoactv,vaporettoactv
lanciafino10mmarrone,lanciafino10mmarrone
water,water
mototopo,mototopo
mototopo,mototopo
raccoltarifiuti,raccoltarifiuti
raccoltarifiuti,raccoltarifiuti
mototopo,mototopo
water,water
vaporettoactv,vaporettoactv
lanciafino10mbianca,lanciafino10mmarrone
mototopo,mototopo
lanciafino10mbianca,lanciafino10mbianca
water,water
lanciafino10mbianca,lanciamaggioredi10mbianca
mototopo,mototopo
lanciafino10mbianca,lanciafino10mbianca
lanciafino10mbianca,lanciafino10mbianca
lanciafino10mbianca,lanciafino10mbianca
water,water
vaporettoactv,vaporettoactv
vaporettoactv,vaporettoactv
mototopo,mototopo
mototopo,mototopo
vaporettoactv,vaporettoactv
lanciafino10mbianca,lanciafino10mbianca
vaporettoactv,vaporettoactv
patanella,patanella
water,water
lanciafino10mmarrone,patanella
lanciafino10mbianca,lanciafino10mbianca
mototopo,lanciafino10mmarrone
lanciafino10mmarrone,lanciafino10mmarrone
water,water
lanciafino10mbianca,lanciafino10mbianca
vaporettoactv,vaporettoactv
barchino,topa
lanciafino10mbianca,lanciafino10mmarrone
vaporettoactv,vaporettoactv
mototopo,mototopo
ambulanza,ambulanza
lanciafino10mmarrone,ambulanza
mototopo,mototopo
mototopo,mototopo
mototopo,mototopo
lanciafino10mmarrone,lanciafino10mmarrone
lanciafino10mbianca,lanciafino10mbianca
mototopo,mototopo
topa,patanella
water,water
patanella,patanella
water,water
patanella,water
patanella,patanella
mototopo,mototopo
vaporettoactv,vaporettoactv
vaporettoactv,vaporettoactv
water,water
lanciafino10mbianca,lanciafino10mbianca
lanciafino10mbianca,lanciafino10mbianca
mototopo,mototopo
patanella,patanella
mototopo,mototopo
vaporettoactv,vaporettoactv
water,water
lanciafino10mmarrone,topa
lanciafino10mbianca,lanciafino10mbianca
water,water
topa,barchino
vaporettoactv,vaporettoactv
lanciafino10mbianca,lanciafino10mbianca
water,water
vaporettoactv,vaporettoactv
vaporettoactv,vaporettoactv
water,water
water,water
patanella,topa
topa,topa
lanciafino10mbianca,lanciafino10mbianca
mototopo,mototopo
water,water
motobarca,motobarca
lanciafino10mbianca,lanciafino10mbianca
motobarca,motobarca
water,water
alilaguna,alilaguna
patanella,polizia
patanella,lanciafino10mbianca
vaporettoactv,vaporettoactv
polizia,polizia
mototopo,mototopo
vaporettoactv,vaporettoactv
mototopo,mototopo
barchino,barchino
lanciafino10mmarrone,lanciafino10mmarrone
lanciafino10mmarrone,lanciafino10mmarrone
vaporettoactv,vaporettoactv
mototopo,mototopo
vaporettoactv,vaporettoactv
water,water
alilaguna,alilaguna
mototopo,mototopo
water,water
patanella,barchino
water,water
topa,topa
patanella,topa
vaporettoactv,vaporettoactv
mototopo,mototopo
lanciafino10mbianca,lanciafino10mbianca
water,water
lanciafino10mbianca,lanciafino10mbianca
water,water
patanella,patanella
patanella,patanella
vaporettoactv,vaporettoactv
vaporettoactv,vaporettoactv
mototopo,motobarca
vaporettoactv,vaporettoactv
water,water
mototopo,mototopo
motobarca,mototopo
polizia,polizia
patanella,patanella
patanella,patanella
vaporettoactv,vaporettoactv
water,water
mototopo,mototopo
water,water
mototopo,mototopo
water,water
patanella,patanella
patanella,patanella
motobarca,motobarca
vaporettoactv,vaporettoactv
polizia,patanella
patanella,barchino
sandoloaremi,topa
vaporettoactv,vaporettoactv
lanciafino10mbianca,lanciafino10mbianca
mototopo,mototopo
patanella,topa
water,water
vaporettoactv,vaporettoactv
vaporettoactv,vaporettoactv
barchino,barchino
lanciafino10m,lanciafino10mbianca
mototopo,mototopo
lanciafino10mbianca,lanciafino10mbianca
water,water
lanciafino10mmarrone,lanciafino10mmarrone
lanciafino10mbianca,lanciafino10mbianca
ambulanza,ambulanza
water,water
water,water
vaporettoactv,vaporettoactv
alilaguna,alilaguna
mototopo,mototopo
water,water
mototopo,mototopo
mototopo,mototopo
water,water
water,water
patanella,patanella
patanella,patanella
patanella,patanella
mototopo,mototopo
barchino,mototopo
mototopo,mototopo
lanciafino10mmarrone,lanciafino10mmarrone
vaporettoactv,vaporettoactv
mototopo,mototopo
vaporettoactv,vaporettoactv
motobarca,motobarca
polizia,lanciafino10mbianca
lanciafino10mbianca,lanciafino10mbianca
lanciafino10mmarrone,lanciafino10mmarrone
water,water
mototopo,mototopo
mototopo,mototopo
mototopo,mototopo
water,water
mototopo,mototopo
water,water
ambulanza,mototopo
vaporettoactv,vaporettoactv
water,water
patanella,patanella
water,water
mototopo,mototopo
motobarca,lanciafino10mmarrone
water,water
mototopo,mototopo
lanciafino10mmarrone,lanciafino10mmarrone
water,water
lanciafino10mbianca,lanciafino10mbianca
motoscafoactv,topa
vaporettoactv,vaporettoactv
water,water
patanella,barchino
water,water
lanciafino10mbianca,lanciafino10mbianca
water,water
vaporettoactv,vaporettoactv
vaporettoactv,vaporettoactv
vaporettoactv,vaporettoactv
vaporettoactv,vaporettoactv
mototopo,mototopo
water,water
water,water
mototopo,mototopo
polizia,lanciafino10mmarrone
mototopo,mototopo
water,water
lanciafino10mbianca,lanciafino10mbianca
lanciafino10m,lanciafino10mbianca
vaporettoactv,vaporettoactv
motobarca,raccoltarifiuti
mototopo,water
polizia,polizia
water,water
patanella,patanella
water,water
ambulanza,ambulanza
vaporettoactv,vaporettoactv
lanciafino10mbianca,polizia
water,water
ambulanza,ambulanza
vaporettoactv,vaporettoactv
mototopo,mototopo
water,water
motobarca,mototopo
water,water
polizia,lanciafino10mbianca
lanciafino10mbianca,lanciafino10mbianca
lanciafino10mmarrone,lanciafino10mmarrone
water,water
vaporettoactv,vaporettoactv
water,water
water,water
lanciafino10mbianca,lanciafino10mbianca
mototopo,mototopo
water,water
water,water
lanciafino10mbianca,lanciamaggioredi10mbianca
water,water
mototopo,mototopo
mototopo,mototopo
water,water
lanciafino10mbianca,lanciafino10mbianca
water,water
lanciafino10mbianca,lanciafino10mbianca
water,water
vaporettoactv,vaporettoactv
motobarca,motobarca
raccoltarifiuti,motobarca
water,water
patanella,barchino
lanciafino10mbianca,motobarca
motobarca,motobarca
mototopo,mototopo
water,water
vaporettoactv,vaporettoactv
patanella,patanella
water,water
lanciafino10mbianca,lanciafino10mbianca
vaporettoactv,vaporettoactv
water,water
lanciafino10mbianca,motobarca
ambulanza,ambulanza
mototopo,mototopo
vaporettoactv,vaporettoactv
mototopo,mototopo
water,water
mototopo,mototopo
water,water
mototopo,patanella
motobarca,mototopo
vaporettoactv,vaporettoactv
patanella,patanella
patanella,patanella
vaporettoactv,vaporettoactv
topa,patanella
mototopo,mototopo
vaporettoactv,vaporettoactv
lanciafino10mmarrone,lanciafino10mmarrone
patanella,lanciafino10mmarrone
mototopo,motobarca
patanella,patanella
motobarca,motobarca
water,water
lanciafino10mbianca,patanella
mototopo,mototopo
barchino,barchino
vaporettoactv,vaporettoactv
raccoltarifiuti,raccoltarifiuti
polizia,lanciafino10mbianca
water,water
vaporettoactv,vaporettoactv
vaporettoactv,vaporettoactv
lanciafino10mbianca,lanciafino10mbianca
mototopo,mototopo
mototopo,mototopo
water,water
lanciafino10mmarrone,lanciafino10mmarrone
lanciafino10mmarrone,lanciafino10mmarrone
mototopo,mototopo
water,water
mototopo,mototopo
mototopo,mototopo
water,water
mototopo,mototopo
mototopo,mototopo
lanciafino10mbianca,lanciafino10mbianca
water,water
vaporettoactv,vaporettoactv
raccoltarifiuti,raccoltarifiuti
vaporettoactv,vaporettoactv
vaporettoactv,vaporettoactv
motopontonerettangolare,motopontonerettangolare
water,water
lanciafino10mbianca,lanciafino10mbianca
water,raccoltarifiuti
patanella,patanella
vaporettoactv,vaporettoactv
mototopo,mototopo
patanella,patanella
water,water
lanciafino10mbianca,lanciafino10mbianca
patanella,patanella
mototopo,mototopo
patanella,lanciafino10mmarrone
vaporettoactv,vaporettoactv
mototopo,mototopo
water,water
patanella,lanciafino10mmarrone
water,water
lanciafino10mbianca,lanciafino10mbianca
lanciafino10mmarrone,lanciafino10mmarrone
lanciafino10mbianca,lanciafino10mbianca
water,water
vaporettoactv,vaporettoactv
motobarca,raccoltarifiuti
lanciafino10mbianca,mototopo
vaporettoactv,vaporettoactv
lanciafino10mmarrone,lanciafino10mmarrone
water,water
lanciafino10mbianca,lanciafino10mbianca
barchino,lanciafino10mbianca
lanciafino10mmarrone,lanciafino10mmarrone
mototopo,mototopo
mototopo,mototopo
raccoltarifiuti,raccoltarifiuti
lanciafino10mbianca,lanciafino10mbianca
vaporettoactv,vaporettoactv
water,water
water,water
water,water
mototopo,polizia
lanciafino10mbianca,lanciafino10mbianca
alilaguna,alilaguna
mototopo,mototopo
water,water
lanciafino10mbianca,lanciafino10mbianca
patanella,patanella
lanciafino10mmarrone,lanciafino10mmarrone
water,water
mototopo,mototopo
vaporettoactv,vaporettoactv
lanciafino10mbianca,mototopo
alilaguna,motobarca
motobarca,mototopo
lanciafino10mmarrone,lanciafino10mmarrone
mototopo,mototopo
mototopo,mototopo
patanella,ambulanza
vaporettoactv,vaporettoactv
lanciafino10mbianca,lanciafino10mbianca
patanella,patanella
ambulanza,ambulanza
water,water
lanciafino10mbianca,lanciafino10mbianca
mototopo,mototopo
mototopo,mototopo
mototopo,mototopo
ambulanza,ambulanza
water,water
lanciafino10mbianca,lanciafino10mbianca
water,water
lanciafino10mmarrone,lanciafino10mmarrone
barchino,barchino
barchino,barchino
mototopo,mototopo
mototopo,mototopo
lanciafino10mbianca,lanciafino10mbianca
water,water
lanciafino10mbianca,lanciafino10mbianca
water,lanciafino10mbianca
vaporettoactv,vaporettoactv
mototopo,mototopo
mototopo,water
vaporettoactv,vaporettoactv
mototopo,mototopo
mototopo,mototopo
vaporettoactv,vaporettoactv
patanella,patanella
water,water
lanciafino10mmarrone,lanciafino10mmarrone
water,water
raccoltarifiuti,motobarca
lanciafino10mbianca,lanciafino10mbianca
mototopo,mototopo
mototopo,mototopo
vaporettoactv,vaporettoactv
lanciafino10mbianca,lanciafino10mbianca
water,water
lanciafino10mmarrone,lanciafino10mmarrone
vaporettoactv,vaporettoactv
mototopo,mototopo
mototopo,mototopo
mototopo,mototopo
water,water
vaporettoactv,vaporettoactv
motobarca,mototopo
lanciafino10mbianca,lanciafino10mbianca
barchino,barchino
mototopo,mototopo
water,water
mototopo,mototopo
lanciafino10mmarrone,lanciafino10mmarrone
raccoltarifiuti,raccoltarifiuti
water,water
mototopo,mototopo
vaporettoactv,vaporettoactv
alilaguna,alilaguna
mototopo,mototopo
water,water
raccoltarifiuti,raccoltarifiuti
lanciafino10mmarrone,lanciafino10mbianca
mototopo,mototopo
mototopo,mototopo
lanciafino10mmarrone,lanciafino10mmarrone
water,water
mototopo,mototopo
lanciafino10mbianca,lanciafino10mbianca
vaporettoactv,vaporettoactv
ambulanza,ambulanza
mototopo,mototopo
water,water
lanciafino10mbianca,lanciafino10mbianca
mototopo,motobarca
lanciafino10mbianca,lanciafino10mbianca
lanciafino10mbianca,lanciafino10mbianca
mototopo,mototopo
water,water
motobarca,motobarca
water,water
vaporettoactv,vaporettoactv
vaporettoactv,vaporettoactv
water,water
raccoltarifiuti,raccoltarifiuti
raccoltarifiuti,raccoltarifiuti
water,water
water,water
water,water
water,water
water,water
water,water
lanciafino10mbianca,lanciafino10mbianca
water,water
motobarca,mototopo
raccoltarifiuti,raccoltarifiuti
topa,topa
vaporettoactv,vaporettoactv
alilaguna,water
vaporettoactv,vaporettoactv
mototopo,mototopo
mototopo,mototopo
patanella,patanella
water,water
lanciafino10mmarrone,lanciafino10mmarrone
lanciafino10mmarrone,lanciafino10mmarrone
mototopo,mototopo
motobarca,motobarca
lanciafino10mmarrone,lanciafino10mmarrone
lanciafino10mbianca,lanciafino10mbianca
lanciafino10mbianca,lanciafino10mbianca
vaporettoactv,vaporettoactv
patanella,patanella
mototopo,Gondola
gondola,Gondola
lanciafino10mbianca,lanciafino10mbianca
lanciafino10mbianca,lanciafino10mbianca
vaporettoactv,vaporettoactv
water,water
water,water
patanella,patanella
lanciafino10mbianca,lanciafino10mbianca
vaporettoactv,vaporettoactv
mototopo,mototopo
raccoltarifiuti,raccoltarifiuti
mototopo,motobarca
motobarca,motobarca
ambulanza,motobarca
water,water
water,water
vaporettoactv,vaporettoactv
vaporettoactv,vaporettoactv
mototopo,mototopo
lanciafino10mmarrone,lanciafino10mmarrone
cacciapesca,lanciafino10mbianca
cacciapesca,lanciafino10mbianca
lanciafino10mbianca,lanciafino10mbianca
patanella,patanella
patanella,patanella
mototopo,motobarca
mototopo,mototopo
water,water
vaporettoactv,vaporettoactv
raccoltarifiuti,raccoltarifiuti
water,water
mototopo,mototopo
lanciafino10mbianca,lanciafino10mbianca
polizia,polizia
alilaguna,alilaguna
lanciafino10mbianca,lanciafino10mbianca
motobarca,mototopo
topa,topa
water,water
patanella,patanella
vaporettoactv,vaporettoactv
lanciafino10mmarrone,lanciafino10mmarrone
lanciafino10mmarrone,lanciafino10mmarrone
lanciafino10mbianca,lanciafino10mbianca
patanella,patanella
vaporettoactv,vaporettoactv
lanciafino10mmarrone,lanciafino10mmarrone
lanciafino10mmarrone,lanciafino10mmarrone
water,water
lanciafino10mbianca,lanciafino10mbianca
vaporettoactv,vaporettoactv
mototopo,mototopo
patanella,mototopo
motobarca,lanciafino10mmarrone
mototopo,mototopo
water,water
vaporettoactv,vaporettoactv
vaporettoactv,vaporettoactv
water,water
vaporettoactv,vaporettoactv
ambulanza,ambulanza
mototopo,patanella
mototopo,mototopo
water,water
vaporettoactv,vaporettoactv
mototopo,mototopo
alilaguna,alilaguna
lanciafino10mbianca,lanciafino10mbianca
motobarca,motobarca
polizia,polizia
lanciafino10mbianca,lanciafino10mbianca
patanella,barchino
patanella,barchino
mototopo,mototopo
lanciafino10mbianca,lanciafino10mbianca
barchino,barchino
water,water
motobarca,motobarca
vaporettoactv,vaporettoactv
lanciafino10mmarrone,lanciafino10mmarrone
water,water
mototopo,mototopo
raccoltarifiuti,raccoltarifiuti
lanciafino10mbianca,lanciafino10mbianca
topa,topa
lanciafino10mbianca,lanciafino10mbianca
mototopo,mototopo
water,water
lanciafino10mmarrone,lanciafino10mmarrone
vaporettoactv,vaporettoactv
vigilidelfuoco,motobarca
water,water
lanciafino10mbianca,lanciafino10mbianca
lanciafino10mbianca,lanciafino10mbianca
mototopo,mototopo
water,water
vaporettoactv,vaporettoactv
vaporettoactv,vaporettoactv
lanciafino10mbianca,lanciafino10mbianca
mototopo,mototopo
mototopo,mototopo
mototopo,mototopo
water,water
vaporettoactv,vaporettoactv
water,water
water,water
lanciafino10mbianca,lanciafino10mbianca
lanciafino10mbianca,lanciafino10mbianca
water,water
lanciafino10mbianca,lanciafino10mbianca
water,water
lanciafino10mmarrone,lanciafino10mmarrone
lanciafino10mmarrone,lanciafino10mmarrone
lanciafino10mmarrone,lanciafino10mmarrone
mototopo,mototopo
water,water
vaporettoactv,vaporettoactv
water,water
water,water
vaporettoactv,vaporettoactv
water,water
ambulanza,ambulanza
water,water
patanella,barchino
patanella,barchino
patanella,patanella
water,water
vaporettoactv,vaporettoactv
vaporettoactv,vaporettoactv
mototopo,mototopo
water,water
mototopo,mototopo
lanciafino10mbianca,lanciafino10mbianca
mototopo,mototopo
motobarca,motobarca
vaporettoactv,vaporettoactv
patanella,patanella
ambulanza,ambulanza
mototopo,mototopo
water,water
mototopo,mototopo
water,water
vaporettoactv,vaporettoactv
polizia,polizia
polizia,polizia
lanciafino10mbianca,lanciafino10mbianca
lanciafino10mbianca,lanciafino10mbianca
cacciapesca,barchino
lanciafino10mbianca,lanciafino10mbianca
water,water
vaporettoactv,vaporettoactv
lanciafino10mmarrone,lanciafino10mmarrone
mototopo,mototopo
vaporettoactv,vaporettoactv
water,water
water,water
water,water
lanciafino10mbianca,lanciafino10mbianca
lanciafino10mbianca,lanciafino10mbianca
motobarca,motobarca
mototopo,mototopo
patanella,patanella
water,water
alilaguna,alilaguna
lanciafino10mbianca,lanciafino10mbianca
water,water
vaporettoactv,vaporettoactv
vaporettoactv,vaporettoactv
motobarca,motobarca
lanciafino10mbianca,lanciafino10mbianca
lanciafino10mbianca,lanciafino10mbianca
mototopo,mototopo
water,water
mototopo,mototopo
water,water
vaporettoactv,vaporettoactv
lanciafino10mbianca,lanciafino10mbianca
vaporettoactv,vaporettoactv
vaporettoactv,vaporettoactv
vaporettoactv,vaporettoactv
water,water
water,water
water,water
vaporettoactv,vaporettoactv
water,water
barchino,motobarca
water,water
vaporettoactv,vaporettoactv
barchino,topa
vaporettoactv,vaporettoactv
mototopo,mototopo
lanciafino10mmarrone,lanciafino10mmarrone
lanciafino10mmarrone,lanciafino10mmarrone
motobarca,motobarca
vaporettoactv,vaporettoactv
barchino,barchino
patanella,barchino
lanciafino10mmarrone,lanciafino10mmarrone
water,water
mototopo,mototopo
water,water
lanciafino10mmarrone,lanciafino10mmarrone
water,water
mototopo,mototopo
vaporettoactv,vaporettoactv
patanella,patanella
water,water
water,water
ambulanza,ambulanza
water,water
lanciafino10mbianca,lanciafino10mbianca
water,water
mototopo,mototopo
mototopo,mototopo
water,water
mototopo,mototopo
lanciafino10mbianca,lanciafino10mbianca
barchino,water
barchino,barchino
ambulanza,mototopo
mototopo,mototopo
vaporettoactv,vaporettoactv
lanciafino10mmarrone,lanciafino10mmarrone
vaporettoactv,vaporettoactv
vaporettoactv,vaporettoactv
water,water
lanciafino10mbianca,lanciafino10mbianca
patanella,topa
lanciafino10mmarrone,lanciafino10mmarrone
patanella,lanciafino10mmarrone
mototopo,mototopo
lanciafino10mbianca,lanciafino10mbianca
motopontonerettangolare,motopontonerettangolare
vaporettoactv,vaporettoactv
water,water
mototopo,mototopo
lanciafino10mbianca,lanciamaggioredi10mbianca
water,water
barchino,topa
lanciafino10mbianca,lanciafino10mbianca
patanella,barchino
lanciafino10mbianca,lanciafino10mbianca
vaporettoactv,vaporettoactv
water,water
vaporettoactv,vaporettoactv
patanella,patanella
barchino,water
lanciafino10mbianca,lanciafino10mbianca
vaporettoactv,vaporettoactv
water,water
water,water
topa,barchino
vaporettoactv,vaporettoactv
water,water
lanciafino10mbianca,lanciafino10mbianca
water,water
vaporettoactv,vaporettoactv
water,water
cacciapesca,barchino
barchino,barchino
barchino,barchino
vaporettoactv,vaporettoactv
water,water
water,water
mototopo,mototopo
water,water
motobarca,lanciafino10mmarrone
water,water
barchino,barchino
water,water
lanciafino10mbianca,lanciafino10mbianca
lanciafino10mbianca,lanciafino10mbianca
vigilidelfuoco,motobarca
water,water
vaporettoactv,vaporettoactv
vaporettoactv,vaporettoactv
lanciafino10mbianca,lanciafino10mbianca
water,water
polizia,lanciafino10mbianca
water,water
barchino,barchino
water,water
vaporettoactv,vaporettoactv
polizia,lanciafino10mbianca
polizia,lanciafino10mbianca
vaporettoactv,vaporettoactv
lanciafino10mbianca,lanciafino10mbianca
water,water
lanciafino10mbianca,lanciafino10mbianca
vaporettoactv,vaporettoactv
sandoloaremi,sandoloaremi
water,water
topa,topa
water,water
vaporettoactv,vaporettoactv
lanciafino10mbianca,polizia
lanciafino10mbianca,lanciafino10mbianca
vaporettoactv,vaporettoactv
lanciafino10mbianca,lanciafino10mbianca
water,water
vaporettoactv,vaporettoactv
lanciafino10mbianca,lanciafino10mbianca
mototopo,mototopo
lanciafino10mmarrone,lanciafino10mmarrone
water,water
lanciafino10mbianca,lanciafino10mbianca
water,water
lanciafino10mbianca,lanciafino10mbianca
vaporettoactv,vaporettoactv
vaporettoactv,vaporettoactv
water,water
topa,topa
topa,barchino
lanciafino10mbianca,lanciafino10mbianca
lanciafino10mbianca,lanciafino10mbianca
patanella,patanella
water,water
alilaguna,alilaguna
vaporettoactv,vaporettoactv
lanciafino10mbianca,lanciafino10mbianca
water,water
lanciafino10mbianca,lanciafino10mbianca
water,water
lanciafino10mmarrone,lanciafino10mmarrone
water,water
water,water
lanciafino10mbianca,lanciafino10mbianca
mototopo,mototopo
vaporettoactv,vaporettoactv
water,water
motobarca,motobarca
motobarca,motobarca
lanciafino10mbianca,lanciafino10mbianca
water,water
alilaguna,alilaguna
patanella,barchino
water,water
mototopo,mototopo
water,water
mototopo,mototopo
lanciafino10mmarrone,lanciafino10mmarrone
lanciafino10mmarrone,lanciafino10mmarrone
raccoltarifiuti,motobarca
lanciafino10mbianca,lanciafino10mbianca
water,water
vaporettoactv,vaporettoactv
vaporettoactv,vaporettoactv
vaporettoactv,vaporettoactv
lanciafino10mbianca,lanciafino10mbianca
water,water
patanella,mototopo
vaporettoactv,vaporettoactv
vaporettoactv,vaporettoactv
lanciafino10mbianca,lanciafino10mbianca
water,water
mototopo,mototopo
lanciafino10mmarrone,lanciafino10mmarrone
water,water
ambulanza,ambulanza
lanciafino10mmarrone,lanciafino10mmarrone
lanciafino10mmarrone,lanciafino10mmarrone
lanciafino10mmarrone,lanciafino10mmarrone
mototopo,mototopo
mototopo,mototopo
water,water
vaporettoactv,vaporettoactv
lanciafino10mmarrone,lanciafino10mmarrone
vaporettoactv,vaporettoactv
mototopo,mototopo
lanciafino10mbianca,lanciafino10mbianca
water,water
lanciafino10mbianca,lanciafino10mbianca
mototopo,mototopo
vaporettoactv,vaporettoactv
water,water
water,water
mototopo,mototopo
mototopo,mototopo
mototopo,mototopo
lanciafino10mbianca,lanciafino10mbianca
patanella,patanella
water,water
vaporettoactv,vaporettoactv
lanciafino10mmarrone,lanciafino10mmarrone
lanciafino10mmarrone,lanciafino10mmarrone
patanella,patanella
mototopo,mototopo
mototopo,mototopo
motobarca,polizia
water,water
vaporettoactv,vaporettoactv
vaporettoactv,vaporettoactv
alilaguna,alilaguna
vaporettoactv,vaporettoactv
vaporettoactv,vaporettoactv
water,water
lanciafino10mbianca,lanciafino10mbianca
water,water
vaporettoactv,vaporettoactv
vaporettoactv,vaporettoactv
water,water
alilaguna,alilaguna
mototopo,mototopo
water,water
polizia,topa
motobarca,water
mototopo,motobarca
motobarca,motobarca
water,water
mototopo,mototopo
mototopo,mototopo
patanella,patanella
water,water
patanella,patanella
motobarca,water
topa,barchino
water,water
mototopo,mototopo
mototopo,mototopo
water,water
barchino,patanella
vaporettoactv,vaporettoactv
lanciafino10mmarrone,lanciafino10mmarrone
mototopo,motobarca
sanpierota,water
vaporettoactv,vaporettoactv
vaporettoactv,vaporettoactv
vaporettoactv,vaporettoactv
vaporettoactv,vaporettoactv
water,water
lanciafino10mmarrone,patanella
water,water
water,water
vaporettoactv,vaporettoactv
mototopo,mototopo
mototopo,mototopo
lanciafino10mmarrone,lanciafino10mmarrone
water,water
topa,mototopo
water,water
vaporettoactv,vaporettoactv
lanciafino10mbianca,lanciafino10mbianca
water,water
water,water
lanciafino10mmarrone,patanella
vaporettoactv,vaporettoactv
vaporettoactv,vaporettoactv
mototopo,mototopo
vaporettoactv,vaporettoactv
water,water
vaporettoactv,vaporettoactv
lanciafino10mbianca,lanciafino10mbianca
lanciafino10mmarrone,lanciafino10mmarrone
lanciafino10mbianca,lanciafino10mbianca
lanciafino10mbianca,lanciafino10mbianca
lanciafino10mbianca,lanciafino10mbianca
water,water
water,water
lanciafino10mmarrone,lanciafino10mmarrone
water,water
vaporettoactv,vaporettoactv
water,water
alilaguna,alilaguna
patanella,lanciafino10mmarrone
water,water
water,water
mototopo,mototopo
vaporettoactv,vaporettoactv
patanella,patanella
water,water
water,water
barchino,barchino
vaporettoactv,vaporettoactv
vaporettoactv,vaporettoactv
water,water
water,water
lanciafino10mbianca,lanciafino10mbianca
vaporettoactv,vaporettoactv
topa,topa
mototopo,mototopo
water,water
lanciafino10mmarrone,lanciafino10mmarrone
lanciafino10mmarrone,lanciafino10mmarrone
vaporettoactv,vaporettoactv
vaporettoactv,vaporettoactv
mototopo,mototopo
water,water
mototopo,mototopo
vaporettoactv,vaporettoactv
vaporettoactv,vaporettoactv
lanciafino10mbianca,lanciafino10mbianca
lanciafino10mbianca,lanciafino10mbianca
water,water
lanciafino10mbianca,lanciafino10mbianca
patanella,patanella
water,water
ambulanza,ambulanza
vaporettoactv,vaporettoactv
vaporettoactv,vaporettoactv
lanciafino10mbianca,lanciafino10mbianca
lanciafino10mbianca,lanciafino10mbianca
patanella,patanella
water,water
lanciafino10mmarrone,lanciafino10mmarrone
water,water
vaporettoactv,vaporettoactv
lanciafino10mbianca,lanciafino10mbianca
vaporettoactv,vaporettoactv
lanciafino10mbianca,lanciafino10mbianca
lanciafino10mbianca,lanciafino10mbianca
lanciafino10mbianca,lanciafino10mbianca
water,water
lanciafino10mbianca,polizia
mototopo,mototopo
water,water
water,water
patanella,water
mototopo,mototopo
vaporettoactv,vaporettoactv
vaporettoactv,vaporettoactv
vaporettoactv,vaporettoactv
mototopo,mototopo
water,water
vaporettoactv,vaporettoactv
mototopo,mototopo
water,water
vaporettoactv,vaporettoactv
vaporettoactv,vaporettoactv
water,water
topa,topa
alilaguna,alilaguna
vaporettoactv,vaporettoactv
sandoloaremi,topa
topa,topa
lanciafino10mmarrone,lanciafino10mmarrone
lanciafino10mmarrone,lanciafino10mmarrone
barchino,water
mototopo,mototopo
water,water
water,water
vaporettoactv,vaporettoactv
water,water
water,water
vaporettoactv,vaporettoactv
water,water
patanella,lanciafino10mmarrone
alilaguna,alilaguna
vaporettoactv,water
water,water
vaporettoactv,vaporettoactv
water,water
water,water
mototopo,mototopo
water,water
lanciafino10mbianca,lanciafino10mbianca
vaporettoactv,vaporettoactv
vaporettoactv,vaporettoactv
lanciafino10mmarrone,lanciafino10mmarrone
vaporettoactv,vaporettoactv
water,water
lanciafino10mbianca,lanciafino10mbianca
lanciafino10mbianca,lanciafino10mbianca
motobarca,motobarca
barchino,barchino
water,water
mototopo,mototopo
water,water
vaporettoactv,vaporettoactv
vaporettoactv,vaporettoactv
water,water
lanciafino10mmarrone,lanciafino10mmarrone
water,water
water,water
vaporettoactv,vaporettoactv
vaporettoactv,vaporettoactv
mototopo,mototopo
water,water
lanciafino10mbianca,lanciafino10mbianca
water,water
vaporettoactv,vaporettoactv
lanciafino10mmarrone,lanciafino10mmarrone
vaporettoactv,vaporettoactv
water,water
vaporettoactv,vaporettoactv
vaporettoactv,vaporettoactv
lanciafino10mbianca,lanciafino10mbianca
water,water
motobarca,motobarca
water,motobarca
vaporettoactv,vaporettoactv
lanciafino10mmarrone,lanciafino10mmarrone
motobarca,lanciafino10mmarrone
vaporettoactv,vaporettoactv
vaporettoactv,vaporettoactv
alilaguna,alilaguna
water,water
lanciafino10mmarrone,lanciafino10mmarrone
lanciafino10mmarrone,lanciafino10mmarrone
lanciafino10mbianca,lanciafino10mbianca
lanciafino10mbianca,lanciafino10mbianca
vaporettoactv,vaporettoactv
vaporettoactv,vaporettoactv
vaporettoactv,vaporettoactv
water,water
lanciafino10mbianca,mototopo
motobarca,motopontonerettangolare
water,water
lanciafino10mbianca,lanciafino10mbianca
lanciafino10mmarrone,lanciafino10mmarrone
mototopo,mototopo
vaporettoactv,vaporettoactv
water,water
topa,topa
barchino,water
lanciafino10mmarrone,lanciafino10mmarrone
vaporettoactv,vaporettoactv
water,water
vaporettoactv,vaporettoactv
lanciafino10mbianca,lanciafino10mbianca
lanciafino10mbianca,lanciafino10mbianca
lanciafino10mbianca,lanciafino10mmarrone
lanciafino10mbianca,lanciafino10mbianca
vaporettoactv,vaporettoactv
gondola,Gondola
water,water
topa,mototopo
water,water
barchino,barchino
mototopo,mototopo
vaporettoactv,vaporettoactv
patanella,patanella
water,water
vaporettoactv,vaporettoactv
water,water
mototopo,mototopo
patanella,patanella
mototopo,mototopo
mototopo,mototopo
water,water
lanciafino10mmarrone,lanciafino10mmarrone
lanciafino10mmarrone,lanciafino10mmarrone
motobarca,lanciafino10mbianca
vaporettoactv,vaporettoactv
vaporettoactv,vaporettoactv
cacciapesca,lanciafino10mbianca
water,water
water,water
water,water
lanciafino10mmarrone,lanciafino10mmarrone
water,water
lanciafino10mmarrone,lanciafino10mmarrone
vaporettoactv,vaporettoactv
vaporettoactv,vaporettoactv
lanciafino10mbianca,lanciafino10mbianca
lanciafino10mbianca,lanciafino10mbianca
water,water
vaporettoactv,vaporettoactv
lanciafino10mbianca,lanciafino10mbianca
topa,topa
patanella,patanella
barchino,patanella
lanciafino10mbianca,lanciafino10mbianca
lanciafino10mbianca,lanciafino10mbianca
water,water
lanciafino10mmarrone,lanciafino10mmarrone
vaporettoactv,vaporettoactv
lanciafino10mmarrone,lanciafino10mmarrone
water,water
vaporettoactv,vaporettoactv
water,topa
water,topa
barchino,barchino
vaporettoactv,vaporettoactv
ambulanza,ambulanza
mototopo,mototopo
vaporettoactv,vaporettoactv
lanciafino10mbianca,lanciafino10mbianca
mototopo,mototopo
lanciafino10mbianca,lanciafino10mbianca
mototopo,mototopo
patanella,topa
topa,mototopo
mototopo,mototopo
water,water
topa,patanella
water,water
vaporettoactv,vaporettoactv
water,water
water,water
lanciafino10mbianca,lanciafino10mbianca
lanciafino10mbianca,lanciafino10mbianca
lanciafino10mbianca,lanciafino10mbianca
barchino,barchino
mototopo,ambulanza
barchino,motobarca
topa,sandoloaremi
topa,sandoloaremi
vaporettoactv,vaporettoactv
vaporettoactv,vaporettoactv
lanciafino10mbianca,lanciafino10mbianca
water,water
vaporettoactv,vaporettoactv
water,water
vaporettoactv,vaporettoactv
water,water
lanciafino10mbianca,water
lanciafino10mbianca,lanciafino10mbianca
barchino,lanciafino10mbianca
lanciafino10mmarrone,lanciafino10mmarrone
vaporettoactv,vaporettoactv
water,water
barchino,barchino
lanciafino10mbianca,lanciafino10mbianca
lanciafino10mbianca,lanciafino10mbianca
vaporettoactv,vaporettoactv
motobarca,motobarca
lanciafino10mbianca,lanciafino10mbianca
water,water
lanciafino10mmarrone,lanciafino10mmarrone
water,water
mototopo,mototopo
water,water
vaporettoactv,vaporettoactv
lanciafino10mbianca,lanciafino10mbianca
lanciafino10mmarrone,lanciafino10mmarrone
water,water
water,water
vaporettoactv,vaporettoactv
mototopo,mototopo
water,water
mototopo,mototopo
vaporettoactv,vaporettoactv
lanciafino10mmarrone,lanciafino10mmarrone
cacciapesca,barchino
water,water
vaporettoactv,vaporettoactv
lanciafino10mmarrone,lanciafino10mmarrone
lanciafino10mmarrone,lanciafino10mmarrone
lanciafino10mmarrone,lanciafino10mmarrone
vaporettoactv,vaporettoactv
barchino,barchino
water,lanciafino10mbianca
topa,mototopo
water,water
lanciafino10mmarrone,lanciafino10mmarrone
mototopo,mototopo
vaporettoactv,vaporettoactv
water,water
barchino,patanella
lanciafino10mmarrone,lanciafino10mmarrone
water,water
lanciafino10mbianca,lanciafino10mmarrone
lanciafino10mmarrone,lanciafino10mmarrone
water,water
water,water
vaporettoactv,vaporettoactv
vaporettoactv,vaporettoactv
motobarca,motobarca
motobarca,motobarca
motobarca,motobarca
motobarca,mototopo
mototopo,mototopo
water,water
vaporettoactv,vaporettoactv
vaporettoactv,vaporettoactv
water,water
ambulanza,vaporettoactv
water,water
sanpierota,barchino
topa,barchino
water,water
ambulanza,ambulanza
sanpierota,barchino
water,water
vaporettoactv,vaporettoactv
water,water
alilaguna,alilaguna
vaporettoactv,vaporettoactv
lanciafino10mbianca,lanciafino10mbianca
topa,mototopo
mototopo,mototopo
cacciapesca,lanciafino10mbianca
vaporettoactv,vaporettoactv
water,water
lanciafino10mbianca,lanciamaggioredi10mbianca
patanella,barchino
vaporettoactv,vaporettoactv
lanciafino10mmarrone,lanciafino10mmarrone
lanciafino10mmarrone,lanciafino10mmarrone
vaporettoactv,vaporettoactv
polizia,barchino
water,water
water,water
motobarca,alilaguna
vaporettoactv,vaporettoactv
lanciafino10mmarrone,lanciafino10mmarrone
vaporettoactv,vaporettoactv
lanciafino10mbianca,lanciafino10mbianca
lanciafino10mmarrone,lanciafino10mmarrone
lanciafino10mmarrone,lanciafino10mmarrone
water,water
lanciafino10mbianca,lanciafino10mbianca
patanella,water
barchino,water
vaporettoactv,vaporettoactv
vaporettoactv,vaporettoactv
water,water
vaporettoactv,vaporettoactv
water,water
patanella,barchino
water,water
lanciafino10mbianca,lanciafino10mbianca
lanciafino10mbianca,lanciamaggioredi10mbianca
polizia,lanciafino10mbianca
lanciafino10mbianca,lanciafino10mbianca
water,water
mototopo,mototopo
cacciapesca,barchino
motobarca,motobarca
vaporettoactv,vaporettoactv
water,water
lanciafino10mmarrone,lanciafino10mmarrone
water,water
vaporettoactv,vaporettoactv
water,water
patanella,patanella
patanella,patanella
vaporettoactv,vaporettoactv
vaporettoactv,vaporettoactv
mototopo,mototopo
water,water
vaporettoactv,vaporettoactv
motobarca,ambulanza
lanciafino10mmarrone,lanciafino10mmarrone
water,water
mototopo,mototopo
mototopo,mototopo
lanciafino10mmarrone,water
lanciafino10mbianca,lanciafino10mbianca
water,water
mototopo,mototopo
vaporettoactv,vaporettoactv
vaporettoactv,vaporettoactv
water,water
lanciafino10mbianca,lanciafino10mbianca
water,water
mototopo,mototopo
lanciafino10mmarrone,lanciafino10mmarrone
lanciafino10mmarrone,lanciafino10mmarrone
motobarca,motobarca
lanciafino10mbianca,lanciafino10mbianca
vaporettoactv,vaporettoactv
vaporettoactv,vaporettoactv
lanciafino10mmarrone,lanciafino10mmarrone
lanciafino10mmarrone,lanciafino10mmarrone
lanciafino10mmarrone,lanciafino10mmarrone
vaporettoactv,vaporettoactv
water,water
vaporettoactv,vaporettoactv
vaporettoactv,vaporettoactv
patanella,patanella
water,water
mototopo,mototopo
motobarca,water
mototopo,mototopo
vaporettoactv,vaporettoactv
raccoltarifiuti,raccoltarifiuti
patanella,patanella
water,water
lanciafino10mmarrone,lanciafino10mmarrone
vigilidelfuoco,ambulanza
water,water
patanella,patanella
water,water
vaporettoactv,vaporettoactv
vaporettoactv,vaporettoactv
lanciafino10mmarrone,lanciafino10mmarrone
lanciafino10mmarrone,lanciafino10mmarrone
vaporettoactv,vaporettoactv
polizia,polizia
vaporettoactv,vaporettoactv
lanciafino10mmarrone,lanciafino10mmarrone
water,water
topa,barchino
water,water
water,water
lanciafino10mbianca,lanciafino10mbianca
vaporettoactv,vaporettoactv
water,water
water,water
vaporettoactv,vaporettoactv
water,water
lanciafino10mmarrone,lanciafino10mmarrone
water,water
vaporettoactv,vaporettoactv
water,water
patanella,lanciafino10mbianca
lanciafino10mbianca,lanciafino10mbianca
lanciafino10mbianca,lanciafino10mbianca
vaporettoactv,vaporettoactv
vaporettoactv,vaporettoactv
lanciafino10mbianca,lanciafino10mbianca
water,water
lanciafino10mbianca,lanciafino10mbianca
water,water
lanciafino10mmarrone,lanciafino10mmarrone
lanciafino10mmarrone,lanciafino10mmarrone
mototopo,mototopo
vaporettoactv,vaporettoactv
water,water
water,water
vaporettoactv,vaporettoactv
water,water
vaporettoactv,vaporettoactv
vaporettoactv,vaporettoactv
vaporettoactv,vaporettoactv
patanella,lanciafino10mmarrone
lanciafino10mmarrone,lanciafino10mmarrone
mototopo,mototopo
water,water
water,water
lanciafino10mbianca,lanciafino10mbianca
mototopo,mototopo
water,water
lanciafino10mmarrone,lanciafino10mmarrone
vaporettoactv,vaporettoactv
water,water
lanciafino10mbianca,lanciafino10mbianca
lanciafino10mbianca,lanciafino10mbianca
water,water
mototopo,mototopo
lanciafino10mbianca,lanciafino10mbianca
water,water
vaporettoactv,vaporettoactv
water,water
vaporettoactv,vaporettoactv
water,water
patanella,lanciafino10mmarrone
lanciafino10mbianca,lanciafino10mbianca
water,water
vaporettoactv,vaporettoactv
water,water
vaporettoactv,vaporettoactv
patanella,patanella
lanciafino10mbianca,lanciafino10mbianca
lanciafino10mbianca,lanciafino10mbianca
vaporettoactv,vaporettoactv
lanciafino10mmarrone,lanciafino10mmarrone
water,water
water,water
water,water
ambulanza,ambulanza
topa,topa
mototopo,mototopo
water,water
vaporettoactv,vaporettoactv
water,water
water,water
lanciafino10mbianca,lanciafino10mbianca
lanciafino10mbianca,polizia
water,water
water,water
lanciafino10mbianca,lanciafino10mbianca
topa,barchino
vaporettoactv,vaporettoactv
vaporettoactv,vaporettoactv
topa,mototopo
vaporettoactv,vaporettoactv
lanciafino10mmarrone,lanciafino10mmarrone
water,water
alilaguna,alilaguna
